First Name,Last Name,Brokerage,Zipcode,image_url
Benjamin,Snow,Coldwell Banker Realty - Boston,02116,https://imagescdn.homes.com/i2/MxACauTo0fALt7WftaiNqfarexbZrsH6dof2z_vbero/117/image.jpg?p=1
Collin,Bray,Century 21 Cityside,02116,https://imagescdn.homes.com/i2/QdFjUcJNZGBlD4GrJJXWBPOWfWQ8rYd8BK2f3VIJ6hw/117/image.jpg?p=1
Craig,Lake,Compass,02116,https://imagescdn.homes.com/i2/29Sknz9eFJ7BI9MKfpluTDM4waGCDn_mX-lDheikfdw/117/image.jpg?p=1
Dianne,Olszewski,Sterling Beacon Hill,02114,
Jeff,Hamilton,"Columbus and Over Group, LLC",02116,https://imagescdn.homes.com/i2/WIqKG7eKg3VECeR10YTNtSQ3HPFGPq2uDPHTchPpfJw/117/image.jpg?p=1
Joseph,Schutt,"Unit Realty Group, LLC",02118,https://imagescdn.homes.com/i2/z2BDTIS6KstOqTHtFqpQ7hHqFt1khDRC3lLAK1m9NRw/117/image.jpg?p=1
Kevin,Cleary,RE/MAX Select Realty,02135,https://imagescdn.homes.com/i2/S8CGVgqOJk1TDr9CdLK9650mfbH29UQ8uzEGGuJCZYI/117/image.jpg?p=1
Louise,Touchette,Coldwell Banker Realty - Lynnfield,01940,https://imagescdn.homes.com/i2/GIfpP-Kc819lmNInwmW9L7OlpJoM73yr3SdCQ5LS8QU/117/image.jpg?p=1
Michael,Harper,MGS Group Real Estate LTD,02138,https://imagescdn.homes.com/i2/vEmyW-ri2cCzSmcyWEHUvfj7hla9wKYSYDvOZ-8nJGo/117/image.jpg?p=1
Paul,Campano,Keller Williams Realty Boston Northwest,02138,https://imagescdn.homes.com/i2/s8uX8rEJqcTPzuS0gG2WRjF6YNgAQHkVMiwfGPGCrps/117/image.jpg?p=1
Rebecca,Davis Tulman And Leslie Singleton Adam,Gibson Sotheby's International Realty,02108,
Alex,Walsh,Access,02122,https://imagescdn.homes.com/i2/x93hl72ivSHOjDtP7ubm35zBjEysWWPo41Y95X7c98o/117/image.jpg?p=1
Arianna,Brown,Compass,02116,https://imagescdn.homes.com/i2/jOG6NOfDrTo-oJ0wsXd6HcWdSuN7gVZTbXJ-7GYKGPU/117/image.jpg?p=1
Brian,Caluori,Gibson Sotheby's International Realty,02118,https://imagescdn.homes.com/i2/aW-3Ko57U9SzW4CskgNh88P-W_VGoP6ioJAYYjbc6Y4/117/image.jpg?p=1
Carmela,Laurella,CL Properties,02109,https://imagescdn.homes.com/i2/ek_VmenZXWV-IwUfE3ZShSaAuwfIf0xyisNBFmPl1XI/117/image.jpg?p=1
Coleman,Group,William Raveis R.E. & Home Services,02420,
Daniel,Tully,Symphony Properties,02116,https://imagescdn.homes.com/i2/Tdj4L0Mnlh2_NeSdat5ZN-N2pz9WUTcKI_74dasdFj0/117/image.jpg?p=1
Delince,Louis,Compass,02116,https://imagescdn.homes.com/i2/z2RhAnf_5Iar69QTQNz6Aika0zgHiKg2VXr5C8HXW1I/117/image.jpg?p=1
Douglas,Mccusker,Compass,02116,https://imagescdn.homes.com/i2/p38sSYzvBUQvRfYRf9yNCJH9piHafTFOLIvbNIKGUrE/117/image.jpg?p=1
Elaine,Dolley,Douglas Elliman Real Estate - Park Plaza,02116,https://imagescdn.homes.com/i2/MK6ZnELl-wj7O4602wYV3zfB6obBAGX1XVBNpOYBzWY/117/image.jpg?p=1
Emily,Ingardia,Donnelly + Co.,02116,https://imagescdn.homes.com/i2/3G8hEkCXRZ-EuAISU15EYfsCCTy95wotb_wDAZ_oxVg/117/image.jpg?p=1
Frank,Celeste,Gibson Sotheby's International Realty,02129,https://imagescdn.homes.com/i2/UpQyme8iw0tjPBeMWkkRv4WimgYfnrjKhqbGnd0DBD0/117/image.jpg?p=1
Frann,Bilus,Gibson Sotheby's International Realty,02116,
John,Ford,Ford Realty - Boston,02114,https://images.homes.com/users/214/199448632_original.jpg
Maggie,Gold Seelig,MGS Group Real Estate LTD,02138,https://imagescdn.homes.com/i2/IKS0RHodzgeOkNFiskoOPL6WZPQnpU-pYZVLhucye6E/117/image.jpg?p=1
Penney,Gould Team,Compass,02116,
Sarah,Herbert,"Charlesgate Realty Group, llc",02116,
Shannon,Mcnamara,William Raveis R.E. & Home Services,02116,https://imagescdn.homes.com/i2/ceWfEQhvoSSQROcrnFjNlcIPyhd5sdYNNzFLFYxlKHY/117/image.jpg?p=1
Steve,Lorsodo,Compass,02116,https://imagescdn.homes.com/i2/sbjobKMTK2JDmH0cuq6BAYD7xQj7vcsfzsFGXB9Q7SE/117/image.jpg?p=1
Stewart,Silvestri,Unlimited Sotheby's International Realty,02446,https://imagescdn.homes.com/i2/j1lM5j8hSiu4aCFhk_aitd_QlvJ5uSE_uN6LHa1jfyg/117/image.jpg?p=1
Arthur,Deych,Red Tree Real Estate,02446,https://imagescdn.homes.com/i2/71QXwHE3R3RQ48lIJWZqbd8cpqeBToS26tOahQOGpmI/117/image.jpg?p=1
Barbara,Wales,Engel & Volkers Newton,02459,https://imagescdn.homes.com/i2/qwZXUxfK3cnigUdITM9FtGW9Nz3Ahrj1HOuXtVeEfC4/117/image.png?p=1
Company,Company,Compass,02116,
Craig,Brody,Douglas Elliman Real Estate - Newbury Street,02116,https://imagescdn.homes.com/i2/ZAG27Lz7PGJc3W6HHJRHHCjxJHfV4YzTcGp-dbYNGIE/117/image.jpg?p=1
Tracy,Campion,Campion & Company,02116,https://imagescdn.homes.com/i2/6qXMRX1r4hbccr7iRmLXq8dA91-dNwSEkD7fhAJoDRY/117/image.jpg?p=1
Kevin,Caulfield,Compass,02116,https://imagescdn.homes.com/i2/yyk084lFCEuAE-uH-xsf9oHFivo5MIm5ziW-X0myv7c/117/image.jpg?p=1
Ivy,A. Turner,Keller Williams Realty Boston-Metro | Back Bay,02116,https://imagescdn.homes.com/i2/Qc48aS0kiyTYX5gXzoXkiUbP3cT0OZ_ZeQC5eCXb1jE/117/image.jpg?p=1
Barbara,Pirrello,Coldwell Banker Realty - Boston,02116,https://imagescdn.homes.com/i2/ZkLsgGdatxRC1Uv9KbWPLxs_bdmwJQ50MXz324GEVtc/117/image.jpg?p=1
Sally,Brewster,Brewster & Berkowitz R. E.,02108,
Eliot,Levine,Olde Forge Realty,02108,https://imagescdn.homes.com/i2/vhCtqN4nJhCK3EIA5LM2gOxGWFai2d20lXaUuHXoaaY/117/image.jpg?p=1
Jayne,Kramer,Engel & Volkers Boston,02115,https://imagescdn.homes.com/i2/20SoHFQcnp9vNmhchY9GsAB_GskpoKoIYFcWz8rLlXw/117/image.jpg?p=1
Tina,Brzezenski,PSR Real Estate,02114,https://imagescdn.homes.com/i2/Q_Cjs7MOx5QZ1i4O0u3hKDeoe9Axpy3n0JnPeLtncpE/117/image.jpg?p=1
Lauren,Rohr,"Red Brick Real Estate, LLC",02114,https://imagescdn.homes.com/i2/_hAhcHdb13L7q4EjvjvvSRO0KFjlBES7D3-Sbw0S3hk/117/image.jpg?p=1
Marc,Marsan,"Red Brick Real Estate, LLC",02114,https://imagescdn.homes.com/i2/E3z9vf7TnzzzA8LXE2w0ViQhH-U4z6P4THikoD1Ve5A/117/image.jpg?p=1
Frank,Interrante,"Allton Realty, LLC",02114,https://imagescdn.homes.com/i2/otsKLSCr3QFdCMb4RpWzWen01r8952t8uPlHY2ienWQ/117/image.jpg?p=1
Joe,Govern,Street & Company,02114,
Robb,Cohen,Engel & Volkers Boston,02115,https://imagescdn.homes.com/i2/jCkcg-p4Z0yfgT1D0tAyMlNv31eph-tXDdNPX8YFO44/117/image.jpg?p=1
Eric,Fishman,Leading Edge Real Estate,02116,
Barbara,Mihalko,The Collaborative Companies,02116,https://imagescdn.homes.com/i2/gBS0qYlNztsuAbks5tayMersrLRu3xYrBnLCPlhbRWs/117/image.jpg?p=1
Lawrence,O'Connor,Sterling Beacon Hill,02114,
Steven,Cohen Team,Keller Williams Realty Boston-Metro | Back Bay,02116,https://imagescdn.homes.com/i2/gnWR_k20dsPQU8jqRXKFGB8HO6SUnsJNq7QOUzS1wPk/117/image.jpg?p=1
Beth,Dickerson,Gibson Sotheby's International Realty,02116,https://imagescdn.homes.com/i2/m6nvg4KKBv_sWPfHLlOaHRHRoKdOAob5gCG8k9-glpk/117/image.jpg?p=1
The,Goodrich Team,Compass,02116,https://imagescdn.homes.com/i2/IBirX1Al3KWD3ehPJ9HFFo_LK1lbDbcuOjsUS1QdBIg/117/image.jpg?p=1
Cutter,Luxe Living,Compass,02116,
Jacob,Eddy,Compass,02116,https://imagescdn.homes.com/i2/hsxH0-Ni1DN7O3-DJvYTwOh1qrHXaKM8z6QRsxK77Ik/117/image.jpg?p=1
Mac,Chinsomboon,Coldwell Banker Realty - Boston,02116,https://imagescdn.homes.com/i2/34dzhwsGFELR-sj3Gs4R__OWoEWp88qI-cNDbvskIQ4/117/image.jpg?p=1
Mackenzie,Baker,Gibson Sotheby's International Realty,02043,https://imagescdn.homes.com/i2/qI1FqWNqxVK2J-kru4fm2s3KpGDUhD9DgO6DQCCFpck/117/image.jpg?p=1
Paul,Whaley,Coldwell Banker Realty - Boston,02116,https://imagescdn.homes.com/i2/RvqbhMlYJsdDzTvp9BJgOtU0ag0-yZWWDA4puwqiWXY/117/image.jpg?p=1
Jennifer,Gelfand,Keller Williams Realty Boston-Metro | Back Bay,02116,https://imagescdn.homes.com/i2/Tg_UWg3hrbgQJ_3ccsL3cnvT2m4uxThVeJ1PTdM2Zc0/117/image.jpg?p=1
Allison,Mazer,Compass,02116,https://imagescdn.homes.com/i2/NAF5IoSk4hmHcRcPl8XnjXWT33KypL9fS0l3rBLYBas/117/image.jpg?p=1
Carl,Christie,Carl Christie,02210,
Janet,Lamb,Ford Realty - Boston,02114,
Lisa,Macalaster,Gibson Sotheby's International Realty,02108,https://imagescdn.homes.com/i2/xFuN9k8T2AiNC_S-v5wcNPW4NpQY_qkGu3DmCcG3ysE/117/image.jpg?p=1
Melinda,Sarkis,Coldwell Banker Realty - Boston,02116,https://imagescdn.homes.com/i2/X_vjRsqK8pUW1V_h48Ypjx7CcoPdLdtl7gekMmtTJOA/117/image.jpg?p=1
Valerie,Post,Engel & Volkers Boston,02115,https://imagescdn.homes.com/i2/mrla47CnNLVDbW0AYFcm2DuTRtCfTJyiwakzAQl08hs/117/image.jpg?p=1
Brandon,Foley,Gibson Sotheby's South End,02118,https://imagescdn.homes.com/i2/kJ7e-b0bfuhHqrBb6XTl4iuh95n_lROXuMViiuvvurk/117/image.jpg?p=1
Hope,Krakoff,Coldwell Banker Realty - Boston,02116,https://imagescdn.homes.com/i2/f_oHU_dzbcYL_fWEfRlTwgDnDEfGJYdvSRL8QYI0Z6k/117/image.jpg?p=1
Julie,Harrison,Gibson Sotheby's International Realty,02116,https://imagescdn.homes.com/i2/6bgoiGBuvhG46HKGIuFpedHAwAUuxMHtU9U2a7gRndA/117/image.jpg?p=1
Leslie,Adam,Gibson Sotheby's International Realty,02108,https://imagescdn.homes.com/i2/_qcNPA31rFAkIf7PaNO3ql3cEqzbg4L1NhEyspV6Cpw/117/image.jpg?p=1
Mary,Beth Kelley,Keller Williams Realty Boston-Metro | Back Bay,02116,https://imagescdn.homes.com/i2/8Xug3tA0SLigWnlmleJ75DD6-TkjdAyRhoz8gUg8iCI/117/image.jpg?p=1
Mary,Conner,Gibson Sotheby's International Realty,02116,https://imagescdn.homes.com/i2/E-fibs7yL5jJbRUUAzl0YQkAimu0xV0ftAmR5mHd6Rg/117/image.jpg?p=1
Rebecca,Marston,"Marston Beacon Hill, Inc.",02114,https://images.homes.com/users/214/644211996_original.jpg
Seth,Driggin,Compass,02116,https://imagescdn.homes.com/i2/Mam2wn5Y65NyiE5e8v2ub0mn2c4kNPKviu-WiVL2mMA/117/image.jpg?p=1
Thomas,Mcgair,Coldwell Banker Realty - Boston,02116,https://imagescdn.homes.com/i2/bBUSZ0paf-VguzcemlNASEAnxu94OafReMKhoTcUbJs/117/image.jpg?p=1
Crystal,Roach,Compass,02116,https://imagescdn.homes.com/i2/D5VvJ14-nHmN66KVihXyLgNpkjKq7KYQV-3q-QEwdsM/117/image.jpg?p=1
Daria,Mclean,Gibson Sotheby's International Realty,02116,https://imagescdn.homes.com/i2/lCwqRAMSKAP41Ha1lR5zZUPM-la09RnW6ehePVMtAQY/117/image.jpg?p=1
Ellen,Grubert,Compass,02138,https://imagescdn.homes.com/i2/5d9WeNWQeNlKHZWCXUdw_w9KifKccHfFGLm_n3XnBuo/117/image.jpg?p=1
Eric,Suhr,William Raveis R.E. & Home Services,01945,https://imagescdn.homes.com/i2/wZV0aSLu4qXKMI5csTovzs66UBvrsIOUz_S1M1z6uEk/117/image.jpg?p=1
Erik,Anderson,"Chinatti Realty Group, Inc.",01824,
George,Jedlin,Douglas Elliman Real Estate - Newbury Street,02116,
Hanneman,And Gonzales Team,Compass,02116,
Jack,Tobin,Berkshire Hathaway HomeServices Robert Paul Properties,02116,https://imagescdn.homes.com/i2/b5fUuc2j_-62LOZ-q7m-qecnDbwKSLnz7xyTRWNOYxw/117/image.jpg?p=1
Jamie,Gaines,"Columbus and Over Group, LLC",02116,https://imagescdn.homes.com/i2/L4zn5fgclabB-rP9A49CQ9lcu6XBP18oIk7aKnZHMVI/117/image.jpg?p=1
Jennifer,Schneider,Century 21 Elite Realty,02129,https://imagescdn.homes.com/i2/9UXN1-ssD7bfnAYarMKFnJinW5o-7vsKupKNm_XX9nM/117/image.jpg?p=1
Jing,Chen,Boston Hub Real Estate,02155,https://imagescdn.homes.com/i2/yUE8YyKoRPffrYLNFDQfF-dQR01u4dOFlbbChJ5fmv0/117/image.jpg?p=1
John,J Kelleher,"Hancock Real Estate Co., Inc.",02114,https://imagescdn.homes.com/i2/a_ZBo1QTCT9tfLUhakhJH9RfEH2qupEh48PFiBsJwyE/117/image.jpg?p=1
John,Corcoran,Compass,02116,https://imagescdn.homes.com/i2/k1kZuf34Pxwfq4a9JWYMquqVNajSXXCj1Ax7TseDXBU/117/image.jpg?p=1
Judy,Goldfarb,Coldwell Banker Realty - Boston,02116,https://imagescdn.homes.com/i2/gdGxweCgr3wcN9ED5d4Epg8tivJ8H99YnJVM771QI98/117/image.jpg?p=1
Kristen,Gaughan,William Raveis R.E. & Home Services,02116,https://imagescdn.homes.com/i2/7cm_gFhZNKruB4R5Kb5kEZ_aFyen8HeaKXTN0iVy89k/117/image.jpg?p=1
Kyle,Kaagan Team,Gibson Sotheby's International Realty,02118,
Laura,Spence,Gibson Sotheby's International Realty,02118,
Lili,Banani,Coldwell Banker Realty - Boston,02116,https://imagescdn.homes.com/i2/x8e4-R3dU6oohgMWP8mKxJdOWS5H1VTfi4UtRY1OdZ4/117/image.jpg?p=1
Lisa,Sheehan,Senne,02110,https://imagescdn.homes.com/i2/M6m58lhyPT-SdP5XSgfpw4Yx01bS-q0Hup3cChLsiKE/117/image.jpg?p=1
Liz,Dehler,Donnelly + Co.,02116,https://imagescdn.homes.com/i2/Sw0tt7T4b6qXk2fDBGDwr_qE3Lmfq4TTeieDCm9vxDA/117/image.jpg?p=1
Lucas,Garofalo,Keller Williams Realty Boston-Metro | Back Bay,02116,https://imagescdn.homes.com/i2/EjRIFq99WfCvRflvwAbRXiPaMrN7XxMREMyVGPj9FGo/117/image.jpg?p=1
Maureen,Moran,Leading Edge Real Estate,01810,https://imagescdn.homes.com/i2/dnmbglMuqOyDEJqoycZsYE7bwWRHbOa8rZbLW9-n7Eg/117/image.jpg?p=1
Megan,Kopman,Compass,02116,https://imagescdn.homes.com/i2/LnMA-ykq_mJKLx-4SIvRf7ZChGOZ54Ojp10YnUVKFGI/117/image.jpg?p=1
Michael,Carucci,Gibson Sotheby's International Realty,02116,https://imagescdn.homes.com/i2/RSlSI94Y4VsI1GWPzcp0DBXY5r2Kop0nsLAkWHYULYI/117/image.jpg?p=1
Miller,& Co.,Compass,02116,
Roberta,Orlandino,Coldwell Banker Realty - Boston,02116,https://imagescdn.homes.com/i2/zC8aboQ94BPDfwExI1eyEI6UzLoDPWrdppRlokgBmtg/117/image.jpg?p=1
Ruth,Ann Bowers,Douglas Elliman Real Estate - Newbury Street,02116,https://imagescdn.homes.com/i2/9tqjRaFCh7QF70g7Evrdrubc-hTPq7h9Pd_D8TR655c/117/image.jpg?p=1
Sam,Kidder,Coldwell Banker Realty - Boston,02116,https://imagescdn.homes.com/i2/gAOjOvh1XfDUrsAnqLt5AA2dCYAX7W9Q5Rfj5wfPpnI/117/image.jpg?p=1
Shelagh,Brennan,Cabot & Company,02116,https://imagescdn.homes.com/i2/Mvtt3hugzIYes9sj8UAXxiYxriiZPkkIEejdhK6dfIQ/117/image.jpg?p=1
Todd,Anzlovar,Coldwell Banker Realty - Boston,02116,https://imagescdn.homes.com/i2/1PUAmK80Ymq88xvUopIDokvCOuWOA4U90yiqwt_lN9s/117/image.jpg?p=1
Vineburgh,Dimella Team,"Charlesgate Realty Group, llc",02116,
William,Natoli,Compass,02116,https://imagescdn.homes.com/i2/DVffUvJmE0Sf8xrCk99HzNy5NTmd1_uvhZk4p7RNNG8/117/image.jpg?p=1
Zach,Barron,"Core Property Group, LLC",02109,https://imagescdn.homes.com/i2/FyMkDGyZHt0VJJjsmndM-BeqyuqY4N0hSlH7u8YJ1Rg/117/image.jpg?p=1
Abbe,Bonnevie,Boston Proper Real Estate,02115,
Adam,Mundt,Kingston Real Estate & Management,02446,https://imagescdn.homes.com/i2/DQ-hROE7ebvczLmR9bDmee8MmKN23elS2VByoRS8VN8/117/image.jpg?p=1
Adam,Shore,"Charlesgate Realty Group, llc",02116,
Alexandra,Joyce,William Raveis R.E. & Home Services,02116,https://imagescdn.homes.com/i2/WnmS6tgOv3YRTVkWumAfJsi7hS6lWauDf3rB9yfmV5g/117/image.jpg?p=1
Allyson,Bernstein,Engel & Volkers Boston,02115,
Amy,Carlisle,Compass,02116,https://imagescdn.homes.com/i2/ppr-e4M0Be44vYsNroZDLRlNFmrKYN3E2DkmMjFmpLo/117/image.jpg?p=1
Andrew,Friedland,Gibson Sotheby's International Realty,02116,
Anna,Bohlin,Compass,02116,
Anne,Sasser,Unlimited Sotheby's International Realty,02130,https://imagescdn.homes.com/i2/CCe-FziqKsgL-595wNrS482qFaSPBMK1W6l-zDvpbT8/117/image.jpg?p=1
Barbara,Currier,Coldwell Banker Realty - Cambridge,02138,https://imagescdn.homes.com/i2/RD3fZCTAKs8Tbc2aOC_k9KW_iC7wCE0GnKI25uv_yUE/117/image.jpg?p=1
Bernadine,Tsung Megason,Compass,02116,
Betsy,Mccombs,Compass,02116,https://imagescdn.homes.com/i2/WWWZaaNeiTdzNqbLA7C3u5pOBfByVIj8oNj3E8CFrkg/117/image.jpg?p=1
Better,Home Team,Coldwell Banker Realty - Boston,02116,
Bill,Gehan,Campion & Company Fine Homes Real Estate,02116,https://imagescdn.homes.com/i2/sR5ryFFSM41ewgKoXPsni_gUWPnLVhB_bdGzccNy8uc/117/image.jpg?p=1
Bill,Janovitz,Compass,02421,https://imagescdn.homes.com/i2/3CJjN1gck8aJkAN7vtHn1mXSjgOtGlOmyH3UL_i58Gk/117/image.jpg?p=1
Bing,And Sanchez Team,Gibson Sotheby's International Realty,02118,
Brendan,Carroll,"Luxury Residential Group, LLC",02116,
Brian,Dougherty,Compass,02116,https://imagescdn.homes.com/i2/pRye9IW4-HPPG5bq9P1VBw5F3r01KoqNuq2FmK9d8jc/117/image.jpg?p=1
Brian,Perry,Gibson Sotheby's International Realty,02118,https://imagescdn.homes.com/i2/XUKWHTGFCFmox97rsr67GPEr9aoYkeFrCgE86mJ17ns/117/image.jpg?p=1
Bridget,Fortunate,"Elevated Realty, LLC",02127,https://imagescdn.homes.com/i2/zghnCgCtZ291Ux2Q-cVVe5zqOwp5X1mBu2PcddKOymc/117/image.jpg?p=1
Brigitte,Petrocelli,Compass,02116,https://imagescdn.homes.com/i2/R6pWyRxQOm_XJbFCDk7_LMsY8TCoXTcfPAyxXzdKaV0/117/image.jpg?p=1
Burbs,To Boston,Compass,02116,https://imagescdn.homes.com/i2/qHJYYj0KCXS34ApT5eQJH25lHzrx6AAy6k2ik2j1Fe0/117/image.jpg?p=1
Carlisle,Group,Compass,02116,
Cervone,Deegan Team,Coldwell Banker Realty - Boston,02116,
Charles,King,"Real Broker MA, LLC",02114,
Chris,Yang,Keller Williams Realty Boston South West,02090,https://imagescdn.homes.com/i2/dk54GheYEHfhoFjLWkMYZzCUhIIr_3yvhSol5xleReE/117/image.jpg?p=1
Craig,Lake Team,Compass,02116,
Dan,Keating,Coldwell Banker Realty - Brookline,02446,https://imagescdn.homes.com/i2/6BXd_1SrcTntsnfbD4LxQb5LhasjDQ8ka52q-dqNiaE/117/image.jpg?p=1
Dan,Li,Keller Williams Realty,02459,https://imagescdn.homes.com/i2/_GBKBJBjNv05eexuGZXhnuSCIcUuoVkivro7raB9T00/117/image.jpg?p=1
Danny,Griffin,Griffin Realty Group,02655,https://imagescdn.homes.com/i2/RVHrFWeXyPZ1cX6egWXaItrnWqvcRRV_CQcc30QSZ8Y/117/image.jpg?p=1
Darcy,Bento,"Bento Real Estate Group, Inc.",02127,https://imagescdn.homes.com/i2/B4lj2d7rHg1r3jFMYRU9Q-op2jtafNh0xLOdThMkXuQ/117/image.jpg?p=1
Dave,Antonell,Compass,02116,https://imagescdn.homes.com/i2/FlsxGMpyf-ymmn0G2wuJ0c9Hjf14rF-6FYsxSIvIfhA/117/image.jpg?p=1
David,Costello,Advisors Living - Back Bay,02116,https://imagescdn.homes.com/i2/MLxQJUVVrRFXhsu2tKWxDBETypslFKeGLIXa_cz4544/117/image.jpg?p=1
David,Green,Coldwell Banker Realty - Boston,02116,https://imagescdn.homes.com/i2/ctC4pFFpF8jElki2VJjV8aNE0Vf5t2_0Yp8T84tOsN4/117/image.jpg?p=1
David,Whitman,Coldwell Banker Realty - Boston,02116,https://imagescdn.homes.com/i2/84xgFZ-CiGrYGs4thaHIq9AbAETHsTq5eh91SgVYYMY/117/image.jpg?p=1
Doug,Gribbel,Compass,02116,
Douglas,Miller,Compass,02116,https://imagescdn.homes.com/i2/l8pRkPGLaa4TiGTb5xn84L7EU95NrPKr0EVIvyV2o5I/117/image.jpg?p=1
Duncan,Donahue,Keller Williams Realty Boston-Metro | Back Bay,02116,https://imagescdn.homes.com/i2/VqnGliN8NCHcpP1e02tVG_y-9Q4REhi127EHVuNDPak/117/image.jpg?p=1
Eileen,Bridges,Coldwell Banker Realty - Milton,02186,https://imagescdn.homes.com/i2/SKbdpZd5FRRcnz3COPfvRiWRozhDm0v2SJYfcleLAYE/117/image.jpg?p=1
Elissa,Rogovin,Hammond Residential Real Estate,02467,https://imagescdn.homes.com/i2/SxIs00Crc1U8CIwfgDIC9qpIkHB1skqPEGSd2XxfqjI/117/image.jpg?p=1
Elizabeth,Bain,Commonwealth Standard Realty Advisors,02127,https://imagescdn.homes.com/i2/6I78I7i_orZeLZNgS4H8RTDO16kC4OyG-fdKsWuiurg/117/image.jpg?p=1
Elizabeth,Crampton,Coldwell Banker Realty - Lexington,02420,https://imagescdn.homes.com/i2/RRn8AVAhbWmJ-8ehBFXN91ng92qghW-bX4dgG8GWU8c/117/image.jpg?p=1
Elizabeth,Damon,Donnelly + Co.,02116,
Erin,Loughran,Donnelly + Co.,02116,
Eve,Dougherty,Compass,02116,https://imagescdn.homes.com/i2/d02YyY96ICzQyQMorDn9oN0n9XyjabGWIWUiKtV76aw/117/image.jpg?p=1
Faye,Fu,York Realty LLC,02030,https://imagescdn.homes.com/i2/2UtJaWBRJtq0E2irJmZl6OzaQX-HvsoeQXcnC6Detr8/117/image.jpg?p=1
Frank,Knotts,Coldwell Banker Realty - Boston,02116,https://imagescdn.homes.com/i2/2TkwRZ_kOF1Yn9-bl9_oXvuwljAE-OIkeIz63p3g_Gw/117/image.jpg?p=1
Gabrielle,Rundle,Gibson Sotheby's International Realty,02116,https://imagescdn.homes.com/i2/PCMlaP8YMZXzadkm31GpTmoKYo6C9GGZGF38vFR0JDM/117/image.jpg?p=1
Georgia,Balafas,Compass,02116,https://imagescdn.homes.com/i2/El1uIu6kQxp0rMS52zO_9ok94xND9G7iDUPOs5SHeOo/117/image.jpg?p=1
Gillian,Colman,Engel & Volkers Boston,02115,
Gina,Morda,Compass,02116,
Glenn,Forger,Olde Forge Realty,02108,https://imagescdn.homes.com/i2/gvaswdKn0Sp4-7xdVfqE0ehfL13Vnbfs0CKOAxs8fJg/117/image.jpg?p=1
Heather,Olin,Coldwell Banker Realty - Boston,02116,https://imagescdn.homes.com/i2/tViLnnmedbiZT7wKn-nnfan9EYnj985l6LxNH7hHTd0/117/image.jpg?p=1
Holly,Cameron,William Raveis R.E. & Home Services,01945,https://imagescdn.homes.com/i2/U7DmwFrFWLmJI48pZT-zBQ2T0mY6sewCkG_AIBretD4/117/image.jpg?p=1
Jason,Saphire,www.HomeZu.com,02067,
Jason,Saphire,"Saphire Hospitality, Inc.",02115,https://imagescdn.homes.com/i2/-Yo8YXaUYRWMDKAYhWK2GgJBO-v2ywFhAv50AvO9-7o/117/image.jpg?p=1
Jeannemarie,Conley,Compass,02116,https://imagescdn.homes.com/i2/JdaGUwnEPPxbODHiDgjh4eeIJFf8di-omogkExV81hI/117/image.jpg?p=1
Jeffrey,Shuman,"Luxury Residential Group, LLC",02116,https://imagescdn.homes.com/i2/HIxfqhCGBqmHCosE50Ff5NybAHU2WT4Ynx-Q0xbzvQY/117/image.jpg?p=1
Jennifer,Litterio,Success! Real Estate,02184,https://imagescdn.homes.com/i2/tVaObxzjJ3GwgPOgTK5c83V0xFGV8XxBZcfVNLEAXC8/117/image.jpg?p=1
Jenny,Searles Margulies,First Boston Realty International,02111,https://imagescdn.homes.com/i2/D6SfW58LqcCeRUl7DytL7m0LYhchIqCoWOTQHq035mI/117/image.jpg?p=1
Jessica,Witter,Compass,02116,https://imagescdn.homes.com/i2/LaQJPOZJNbuem0FUXG1Yx0w2QUK5qTSlqJPbAWyvY7k/117/image.jpg?p=1
Joanna,Hochman,Gibson Sotheby's International Realty,02116,
Joe,Gauquier,"Beacon Services, Inc.",02108,
Joelle,Maguire,Gibson Sotheby's International Realty,02118,
Jonathan,Radford,Coldwell Banker Realty - Boston,02116,https://imagescdn.homes.com/i2/nl_0OAdTl4WfVdHKnqwMztNw3HUteb8pV16gJYukJZU/117/image.jpg?p=1
Joseph,Barka,Compass,02116,https://imagescdn.homes.com/i2/UPptFyW6dV6rhrcjklD13zx1wSsTwMPcGlQN74spF2s/117/image.jpg?p=1
Joseph,Deangelo,Coldwell Banker Realty - Boston,02116,https://imagescdn.homes.com/i2/U8scBNz-Yd-gl52a-DM6kO4AXbeq8ol7ujjgF8dMaUg/117/image.jpg?p=1
Joseph,Pollack,Gibson Sotheby's International Realty,02138,
Josh,Golden,"Luxury Residential Group, LLC",02116,https://imagescdn.homes.com/i2/dREuCKKAjo64qJUCdPlL2yqiFOj1yQoTnQFIaFG-Gro/117/image.jpg?p=1
Justin,Rollo,Signal Real Estate,02184,https://imagescdn.homes.com/i2/F_z3swgdpbBaoz0jDbt7aZvNrlskOUA0b-HbVn0x6ag/117/image.jpg?p=1
Katherine,Bell,Compass,02116,https://imagescdn.homes.com/i2/_PCFs-mi5Loq4RtgsCgAdkkQXHV7uR7su-J8eQkp8sg/117/image.jpg?p=1
Kelly,Atlantic Realty Team,Kelly Atlantic Realty LLC,02110,
Kevin,Benzinger,Boston Realty Advisors,02116,https://imagescdn.homes.com/i2/vtyLayOBKmvx7hlieYgjK_uVr0B7DwUQaOsfHonKoe8/117/image.jpg?p=1
Laurie,Crane,Advisors Living - Arlington,02476,https://imagescdn.homes.com/i2/-LyuRzYtuTJOvteTpVC67NoC3ZwQ4FBYhL8QYARprA0/117/image.jpg?p=1
Leslie,Mackinnon,Compass,02116,https://imagescdn.homes.com/i2/2QKbVKzQtfbPTFCYn8_gfAxkgRz9d2wk_MvL9-fIHu8/117/image.jpg?p=1
Lina,Kriva Homes International Group,Keller Williams Realty Boston-Metro | Back Bay,02116,
Lisa,Merriman Barth,Barth Real Estate,02115,https://imagescdn.homes.com/i2/ZfBPsXuNEDwXTTvL2sLcZRfFPORwOP8T3A7gsD2d6cg/117/image.jpg?p=1
Marie,Richards,Compass,02116,
Mark,Ruane,MGS Group Real Estate LTD,02138,
Matthew,Diozzi,Compass,02116,https://imagescdn.homes.com/i2/M2b5dJt7yZMIcvAtnIEkGHXZesEIw5w6r4EgcIfG0xw/117/image.jpg?p=1
Matthew,Foley,Compass,02116,
Meredith,Kiep,Berkshire Hathaway HomeServices Warren Residential,02116,https://imagescdn.homes.com/i2/xqJ62EJc5qPB601CuFc-88PNk45EZvq3lddDepQfre8/117/image.jpg?p=1
Michael,Moran,Gibson Sotheby's International Realty,02116,https://imagescdn.homes.com/i2/ryaJfMBWpl48l22zhEwFwLwBtg9znq-rK1uxDFooxV4/117/image.jpg?p=1
Michael,Tammaro,"Related Beal Sales, LLC",02109,https://imagescdn.homes.com/i2/crkZPnBPzM0FqvFb3_3Uk-eQ2Im0vHjJO0kRrHPAUy4/117/image.png?p=1
Michelle,Roloff,Campion & Company Fine Homes Real Estate,02116,https://imagescdn.homes.com/i2/R6u5AQxFCKwwC17cBfsYOg1Ddi2LPfGEYaYnt0lS5bQ/117/image.jpg?p=1
Miro,Fitkova,Fitkova Realty Group,02467,https://imagescdn.homes.com/i2/ALelsLkcQOs86Al2UirYXjTw9mBWA3dl3fzVIm2zkD4/117/image.jpg?p=1
Morgan,Franklin,Coldwell Banker Realty - Boston,02116,https://imagescdn.homes.com/i2/qR7EPKxOgOPmRv-9fGqFctydZxqGXzG-w57mezGB3xw/117/image.jpg?p=1
Nicole,Yoshikane,Keller Williams Realty Boston-Metro | Back Bay,02116,
O'Connor,& Highland,Keller Williams Realty Boston-Metro | Back Bay,02116,
Paul,Odelson,Engel & Volkers Boston,02115,
Paula,Sughrue,Better Homes and Gardens Real Estate - The Shanahan Group,01890,https://imagescdn.homes.com/i2/Md5tryIdopRMBd7cCZTz85LnF029r7niMstlucixh3s/117/image.jpg?p=1
Peter,Given,The Charles Realty,02116,https://imagescdn.homes.com/i2/LPBL5nODCDHlvFR4Rg30FkIyMCGW7tAAVuQE6kDyNp4/117/image.jpg?p=1
Peter,Skambas,Compass,02116,
Petrone-Hunter,Realty Group,Coldwell Banker Realty - Wellesley,02482,https://imagescdn.homes.com/i2/A9RRu4Pb0jTsoQpQnEzRmfnTPJK-9WB4-0apoll-XSU/117/image.jpg?p=1
Pietro,Coco,Ivy Realty Group,02144,https://imagescdn.homes.com/i2/5kR-zGqrNJI2q_hL7511Z8sDh1qyfuYX46YoHT_EI78/117/image.jpg?p=1
Rachel,Lieberman,Berkshire Hathaway HomeServices Commonwealth Real Estate,02482,
Rami,Mitias,Compass,02116,https://imagescdn.homes.com/i2/577C6pIuXeCuYJhfihr2lt7ry8PR_LqIJZwdgKfVMtM/117/image.jpg?p=1
Ricardo,Rodriguez,Coldwell Banker Realty - Boston,02116,https://imagescdn.homes.com/i2/MN3COgas0C-9kPc0utAw6054PgyJzaY5v1vPaDR9BJI/117/image.jpg?p=1
Richard,O'Connor,Gibson Sotheby's International Realty,02116,https://imagescdn.homes.com/i2/FsJaDlvQLkLEjBy6XJtxScXAPZO-tZhfiHphG8LwpgE/117/image.jpg?p=1
Ryan,Clunan,Campion & Company Fine Homes Real Estate,02116,https://imagescdn.homes.com/i2/weY9JTSfl5oyF_E42mmykxhgC2bsK3aUVIks0CGP__E/117/image.jpg?p=1
Samantha,Hollister,Compass,02116,https://imagescdn.homes.com/i2/XR-nJmZhNfVt_Ufplj4Ml3pUcMR7dwgn55HAOsLQBUA/117/image.jpg?p=1
Sarah,Glovsky,The Charles Realty,02116,https://imagescdn.homes.com/i2/CF1igbshNzDZ_BUEsCfGL6-nooaOFGZCvf4nKVFiTw0/117/image.jpg?p=1
Scarlett,Tamburro,Advisors Living - Back Bay,02116,https://imagescdn.homes.com/i2/tBaBFEhR6N9T9w7GoesjItQBzOwR-mL2cUsq8cYxq7w/117/image.jpg?p=1
Shirin,Kokobaeva,Leverage Real Estate Group,02139,
Sue,Hawkes,The Collaborative Companies,02116,https://imagescdn.homes.com/i2/7GbQxyZ31iA-EcD-PjiWRH5xmC67RkxlMhx3m3cVvsE/117/image.jpg?p=1
Susan,Cohen,Campion & Company Fine Homes Real Estate,02116,https://imagescdn.homes.com/i2/XwJSeDDR95rDLHRA4J-l6IIs7Aa2XHGLNLmi6qN2740/117/image.jpg?p=1
Taylor,Blacker,"Luxury Residential Group, LLC",02116,https://imagescdn.homes.com/i2/kyKN9dRoP9qOjwJ1tMemCUz6TyQ9A1HwcJEDkxGb94Y/117/image.jpg?p=1
Taylor,Knowles,Red Tree Real Estate,02446,https://imagescdn.homes.com/i2/L6npPsh3HgZJi-bR5EVBMK-lYp3jU2_nWcpbX6dja0M/117/image.jpg?p=1
Team,Galvin,"The Galvin Group, LLC",02124,
The,Matskevich Group,William Raveis R.E. & Home Services,02459,https://imagescdn.homes.com/i2/AGWy3joF4gewYRPhyHNjMeL0ThIlgrSh8pH7sVmQf70/117/image.jpg?p=1
The,Mclaren D'Agostino Team,Compass,02116,
The,Bulman Group,Conway - Hanover,02339,https://imagescdn.homes.com/i2/WPU1xb9ZEtICt5BpFIig0epBVu-4UNkAPYKzSey6azA/117/image.jpg?p=1
Tom,Sheehan,Compass,02138,https://imagescdn.homes.com/i2/Hpp1AafJD-O-9XGNH6pr_QHaUeOq9XD61mYgplglmco/117/image.jpg?p=1
Toni,Gilardi,Gibson Sotheby's International Realty,02109,https://imagescdn.homes.com/i2/WKOmrB1y-X2KI94gN0EUEBlIuCNYsKvsIfn1s09QYIE/117/image.jpg?p=1
Tracy,Boehme,Keller Williams Realty Boston Northwest,02138,https://imagescdn.homes.com/i2/V5UOSKy2kl7cZmVgKikVyGSstc1C2psF9MxGIDu_AIs/117/image.jpg?p=1
Travis,Sachs,CL Properties,02109,https://imagescdn.homes.com/i2/9SfFWdxJniF-lPelD5xNB2J8ckUpUxkBLhD58ZKa-cI/117/image.jpg?p=1
Turkan,Yalcin,William Raveis R.E. & Home Services,02116,
Wendy,Oleksiak Group,Gibson Sotheby's International Realty,02043,
William,Loring,Compass,02138,https://imagescdn.homes.com/i2/xFvrqAn1_taiWoiod6ZvfOUVQDooz7aZRPlHCgT0td8/117/image.jpg?p=1
William,Senne,Senne,02110,https://imagescdn.homes.com/i2/Rzhez6xtClGbVdhtBSVTV9hJw-c5KaWkeLc9ulUxoy8/117/image.jpg?p=1
Yoshiko,Matsumoto,Coldwell Banker Realty - Newton,02459,https://images.homes.com/users/214/037534152_original.jpg
Zack,Harwood,Berkshire Hathaway HomeServices Warren Residential,02116,https://imagescdn.homes.com/i2/MZ6xGLo0v_wEEgX7k8m9kwYfAdy6cGMDE84e6HMiarw/117/image.jpg?p=1
4,Buyers Re Team,4 Buyers Real Estate LLC,02140,https://imagescdn.homes.com/i2/H_iOrzQI0wePyseYYKJ_0PLbDby0rkYOpwCkKUrTCLI/117/image.jpg?p=1
Abigail,Ojemann,Compass,01742,
Aby,Zemack,Zemack Real Estate,01702,https://imagescdn.homes.com/i2/fT1qfe71Hzm3CwLpf374pi0Qe9HPnGAy6cheLaTDA-o/117/image.jpg?p=1
Adam,Aroesty,Kingston Real Estate & Management,02446,https://imagescdn.homes.com/i2/GCigRaEeTfB6RMak_OX3hWRKCizxmb797EeI4Kck_V4/117/image.jpg?p=1
Adam,Cutone,The Charles Realty,02116,https://imagescdn.homes.com/i2/JZTSSNGMLUL_N8LeCXeHT8MUPXN2Cdw9BPiSxhcEgaA/117/image.jpg?p=1
Adam,Geragosian,Compass,02116,https://imagescdn.homes.com/i2/6J2hjXESSMqykKLAd_pjE8-NQdZAcOTdJRqDxKbvxcM/117/image.jpg?p=1
Adeline,Matton,"Accurety, LLC",01913,https://imagescdn.homes.com/i2/tl5z0sK34ccykTgWoYGA06ZZ3Z5M_7TK4qCRWfHqKXc/117/image.jpg?p=1
Ai,Cheng Goh,Z. Realty,02111,
Albert,Liu,CBC Realty LLC,02492,
Alexandra,Crivon,Coldwell Banker Realty - Brookline,02446,https://imagescdn.homes.com/i2/fD0WUGg8ah_TKaf_xY0VzQ4zL7JIYrGvONbEhWuSLvU/117/image.jpg?p=1
Alexandra,Mannion,Keller Williams Realty Signature Properties,02061,https://imagescdn.homes.com/i2/4FFZA9a44RhppqwWOPB4-pBTbNv4ND7QapzUAc7lVOI/117/image.jpg?p=1
Alice,Russell,Coldwell Banker Realty - Hingham,02043,
Alison,Perrelli,Coldwell Banker Realty,06405,
Allison,Shannon,Senne,02110,
Amanda,Veseskis,"Chinatti Realty Group, Inc.",01824,
Amber,Jarosz,Donnelly + Co.,02116,https://imagescdn.homes.com/i2/-6yZxbM5b3_egCWIy-4sQVRZYeN4MOY7GyMl-d7Q9Do/117/image.jpg?p=1
Amy,Lynn Hesik,William Raveis R.E. & Home Services,02420,
Amy,Smith,"Fox Hill Realty, LLC",01887,https://imagescdn.homes.com/i2/KVgeGqQ-SjQ5YDuxXVsMsEtycoRUNPyyyxqMQ8siHxs/117/image.jpg?p=1
Andrew,Bemben,Cabot & Company,02116,
Andrew,Haddad,"Northeast Development & Investment, Inc.",02116,
Andrew,Haigney,Batterymarch Group LLC,02111,
Andrew,Martini,Compass,02116,
Andrew,Mazzeo,"All Star Realty, Inc.",02140,https://imagescdn.homes.com/i2/hCwaqNAvFmbYBDnhkev5kD4gX6wzlBJzRsYaTpwvikQ/117/image.jpg?p=1
Andrew,Mckinney,Donnelly + Co.,02116,https://imagescdn.homes.com/i2/TONmNbuDfnNXC7S--TThiKcxQH-CWH8s2t3BXCj6T40/117/image.jpg?p=1
Anna,Efthimiadis,Coldwell Banker Realty - Boston,02116,
Annie,Youssoufian,Boston Brownstones Realty PLLC,02116,https://imagescdn.homes.com/i2/dyx9Amjp21jB_YRIyRIt0sMivUhj6q3E8R97W15LPhI/117/image.jpg?p=1
Annmarie,Fiore,"Maloney Properties, Inc.",02481,https://imagescdn.homes.com/i2/N6LHlIjMkPdMvkOz-IJ-5jAYW7OUCz5b1b-LCCUH_xQ/117/image.jpg?p=1
Anthony,Contreras,Cornerstone Real Estate,02120,https://imagescdn.homes.com/i2/vj2oDhdRVWOrZql44Uvpv-y1ymhgo5lVDTPCLKafV60/117/image.jpg?p=1
Anthony,Escobedo,Coldwell Banker Realty - Boston,02116,https://imagescdn.homes.com/i2/4psM9LAlGCiNqZEIIypPaDTC69ixuon5ACD_bM-W5_s/117/image.jpg?p=1
Anthony,Menouns,Coldwell Banker Realty - Boston,02116,https://imagescdn.homes.com/i2/FemEyLGbMcPepKJEzTi6-alyUtf-EvzdELIrbpCMdGk/117/image.jpg?p=1
Anthony,Zarbano,Regatta Realty,02141,https://imagescdn.homes.com/i2/-3SbRis357z2nyCk6zeMUg6rEoDjVo6tYhadRAfYCDc/117/image.jpg?p=1
Antonia,Monarski,Coldwell Banker Realty - Boston,02109,https://imagescdn.homes.com/i2/KWdjxQbJdJHhYEEK0kuFqSg1xCsmT-86-mjv9fLNqAo/117/image.jpg?p=1
Aris,Snyder,eXp Realty,02115,https://imagescdn.homes.com/i2/YtqU-nIKBD855fbv4nbAYp7cVU-3oc8kArN4e1sOlyo/117/image.jpg?p=1
Ashley,Desmond,Berkshire Hathaway HomeServices Commonwealth Real Estate,02451,https://imagescdn.homes.com/i2/8cZr9xvgVhgelENOyTp8zG-dEm3sVoibpBqTjLbX060/117/image.jpg?p=1
Ashley,Perkins,Gibson Sotheby's International Realty,02118,https://imagescdn.homes.com/i2/L0XofjtB5CQff8vKRRi9aCLKMvH3myxqIxyFc6HFcJ0/117/image.jpg?p=1
Ashley,Trapp,The Simply Sold Realty Co.,02324,https://imagescdn.homes.com/i2/wmnF1U9V0BeaqjTjKhmhVPY_JOgZY2tbrDvBfAPkcVs/117/image.jpg?p=1
Barb,Cullen,Keller Williams Realty Evolution,01950,https://imagescdn.homes.com/i2/F9Bh5aKIlcEET_c7eEyRjIalpbZGCg9G-ZnhNM8SU9M/117/image.jpg?p=1
Ben,Resnicow,Commonwealth Standard Realty Advisors,02127,https://imagescdn.homes.com/i2/E3ZQpk3oIYpwVaFwtIb1UJWqGXnMTaqu-qvNDeHPYco/117/image.jpg?p=1
Betsey,Barrett,Brewster & Berkowitz R. E.,02108,
Betsy,Herald,The Charles Realty,02116,https://imagescdn.homes.com/i2/7wpSOnoUgKvdWz2442XGQ0mrX_Zf3EDCDIJMZTZxLSM/117/image.jpg?p=1
Bill,Aibel,Coldwell Banker Realty - Cambridge,02138,https://imagescdn.homes.com/i2/bK4J88w1S_EJ9YxiDBjYeDgGQDcTMhQNEO2GLEk8_B8/117/image.jpg?p=1
Billy,Chen,Living Realty,02189,
Bonnie,Lai,RE/MAX Unlimited,02446,https://imagescdn.homes.com/i2/p4jQjqIWXS-wiYgChYeu6RFxFASxJrVyhAbWN5hkCqg/117/image.jpg?p=1
Bonny,Lamb,Compass,02138,https://imagescdn.homes.com/i2/KLWPVyUCXmMMZGMDXtyASN_L9czrIFpSOr_KovOYO44/117/image.jpg?p=1
Bradford,Mccue,Berkshire Hathaway HomeServices Verani Realty,01950,https://imagescdn.homes.com/i2/gzTYDi5pD9W32bDycQf6i_RaTinWNZSle1cKBtIEp3U/117/image.jpg?p=1
Brett,Campbell,Gibson Sotheby's International Realty,02118,https://imagescdn.homes.com/i2/0de45V04l9e7oWyb7Gh8woxJmbR2U044Ws4_pFss4sg/117/image.jpg?p=1
Brett,Hardy,"Parkway Real Estate, LLC",02132,
Brian,Allenby,eXp Realty,02115,https://imagescdn.homes.com/i2/o8w4Mlb_vQ0reVjUb3O3jeyG_GEHw1b407EWie-Wax0/117/image.jpg?p=1
Brian,Fitzpatrick,Coldwell Banker Realty - Waltham,02453,https://imagescdn.homes.com/i2/dePot66c8ye4vD1wNtR4W-VhRRaEBscLNoTosJppJ0Q/117/image.jpg?p=1
Brian,Gagnon,Coldwell Banker Realty - Boston,02116,https://imagescdn.homes.com/i2/RJ0jaLoQwvWo0gh-2LA1FuXBFEu_78fz3x7Tvf2Bl3Q/117/image.jpg?p=1
Brian,Walker,Compass,02116,https://images.homes.com/users/214/679012283_original.jpg
Brian,Willinsky,Tullish & Clancy,02190,https://imagescdn.homes.com/i2/9v7djzTnZ4oisDDdPZOd3yBDDBUBee1srU2djTC0DoY/117/image.jpg?p=1
Calla,Gillies,Gibson Sotheby's International Realty,02118,https://imagescdn.homes.com/i2/Ri9B60xBAV8PboMygsehoBfnozNdX2WvStINQyfuOOk/117/image.jpg?p=1
Carol,Kollias,Coldwell Banker Realty - Belmont,02478,https://imagescdn.homes.com/i2/a6CZleWomQ_ftn0h__hgSeUUXq95RbLFVmc_jdsaq7o/117/image.jpg?p=1
Carol,Korbman,Berkshire Hathaway HomeServices Warren Residential,02116,https://imagescdn.homes.com/i2/ENKGnNOQqTCWU1rVRNrQ6WIAE831mTTWABXRD01RvFo/117/image.jpg?p=1
Caroline,Ligotti,Coldwell Banker Realty - Boston,02116,https://imagescdn.homes.com/i2/w9ThR9a4wgocs2D28WNf6Satn9DpOwlBaF08gRk1yOU/117/image.jpg?p=1
Caroline,O'Shea,Compass,02116,https://imagescdn.homes.com/i2/pW11AfZgySaYJ3ACebotUSO_-wSX_UImEce3DN36eAw/117/image.jpg?p=1
Casey,Cochran,Coldwell Banker Realty - Boston,02116,https://imagescdn.homes.com/i2/4FCAFeTlOcNTetOGa_jwIzsmZuMGzwED4TFKjhj8tE0/117/image.jpg?p=1
Catherine,Dahill,Gibson Sotheby's International Realty,02118,https://imagescdn.homes.com/i2/hyBIf_Sdl1Tj95j6-5xMSknV1GFhIgqwvquGOBX3kvY/117/image.jpg?p=1
Cathy,Jiang,"HyRoad Realty, LLC",02468,https://imagescdn.homes.com/i2/QdwgdW4UCKSvKjEj6Z39LHab5_mH4m84665kqe4XEBY/117/image.jpg?p=1
Cheri,Meckley,Compass,02116,https://imagescdn.homes.com/i2/82nWTPkzE6_2waD_YZ2y2fH_Clm3l7c2RU6iQaWJfoI/117/image.jpg?p=1
Cheryl,Maggio,LAER Realty Partners,01826,https://imagescdn.homes.com/i2/1mfNAYHOw2XYxpTUKd67dsGGlSFBGKU0RkxPpZvwilE/117/image.jpg?p=1
Cheryl,Mark,"Marsh Properties, Inc.",02116,https://imagescdn.homes.com/i2/k3pSZNjCAiaeeJtElqA2WXimiF8hDXJ07XBD6FXRqxY/117/image.jpg?p=1
Chris,Mehr,Full Circle Realty LLC,02090,https://imagescdn.homes.com/i2/riCm5yj3xHavAMCRodBg5h3VB1ZmbgmmdgjeIbza7rk/117/image.jpg?p=1
Christa,Cardwell,Gibson Sotheby's International Realty,02118,https://imagescdn.homes.com/i2/fRGE8to0p7UJGUR3GtK0cwISivM7VUg6YqxiAxm5bzg/117/image.jpg?p=1
Christina,Green,"Charlesgate Realty Group, llc",02116,
Christine,Pomer,Coldwell Banker Realty - Lexington,02420,https://imagescdn.homes.com/i2/erIU4D4rlOyp3MJwU9evCSFklZgxJOOtnH9mEPk8KMc/117/image.jpg?p=1
Christopher,Byers,Coldwell Banker Realty - Newton,02459,https://imagescdn.homes.com/i2/8MRcKkjbzr6fNYu3NaGXd1PxMNqjlwmJ55MyB3HuA64/117/image.jpg?p=1
Christopher,Collette,Compass,02116,https://imagescdn.homes.com/i2/K60fXOjCVgqvaMN3JLhaLO_0cA08f4x7feobAYJuhe4/117/image.jpg?p=1
Christopher,Collette,Compass,02116,https://images.homes.com/users/214/671151264_original.jpg